level,session_date,journal_number_open,citation_number_open,h_index_open,journal_number_real,citation_number_real,h_index_real
1,2016-12-02,0,0,0,0,1,1
1,2017-12-05,0,0,0,61,2001,24
2,2016-12-02,0,0,0,16,641,13
2,2016-12-02,0,0,0,11,175,9
2,2017-12-05,0,0,0,28,765,12
2,2017-04-03,0,0,0,16,155,10
2,2018-04-06,0,0,0,6,602,8
2,2018-04-06,0,0,0,0,0,0
2,2018-04-06,0,0,0,8,86,6
1,2017-08-04,15,417,12,17,1144,17
1,2017-08-04,8,197,7,33,1939,18
1,2017-08-04,13,157,8,12,300,10
1,2017-08-04,13,96,6,17,404,11
1,2017-08-04,17,96,6,17,182,8
1,2017-08-04,6,44,4,12,154,8
1,2017-08-04,9,30,4,14,241,7
1,2017-08-04,47,2740,21,35,4457,25
1,2017-08-04,39,471,13,44,949,17
1,2017-08-04,14,138,7,12,691,14
1,2017-08-04,16,222,8,17,321,9
1,2017-08-04,8,94,5,13,183,8
1,2017-08-04,12,100,7,10,532,13
1,2017-08-04,9,971,11,20,2907,15
1,2017-08-04,28,815,15,26,1471,20
1,2017-08-04,28,403,9,30,693,13
1,2017-08-04,14,303,9,18,651,15
1,2017-08-04,24,667,15,23,584,13
1,2017-08-04,7,153,7,14,366,11
1,2017-08-04,8,501,8,39,2445,22
1,2017-08-04,17,587,13,14,1035,17
1,2017-08-04,9,54,5,16,176,9
1,2016-12-02,14,211,7,14,484,10
1,2016-12-02,29,135,6,31,521,12
1,2016-12-02,14,168,8,16,348,11
1,2016-12-02,20,314,11,21,541,12
1,2016-12-02,10,333,5,14,629,8
1,2016-12-02,12,34,3,19,238,7
1,2016-12-02,18,688,12,16,1330,17
1,2016-12-02,20,137,6,23,586,14
1,2016-12-02,12,68,5,15,649,9
1,2016-12-02,33,1082,14,37,1820,18
1,2016-12-02,13,138,8,23,461,14
1,2016-12-02,33,366,10,31,650,14
1,2016-12-02,15,229,9,13,1071,15
1,2016-12-02,15,239,8,19,634,12
1,2016-12-02,4,173,8,4,587,14
1,2016-12-02,17,380,10,23,673,14
1,2016-12-02,2,27,2,34,883,16
1,2016-12-02,11,158,7,12,458,11
1,2016-12-02,21,231,9,48,835,16
1,2016-12-02,20,263,8,23,658,13
1,2016-12-02,26,1114,16,28,2303,22
1,2016-12-02,8,145,7,10,263,9
1,2016-12-02,10,119,7,14,312,10
1,2016-12-02,15,82,6,22,340,9
1,2016-12-02,16,97,5,25,390,10
1,2016-12-02,27,800,15,36,2532,24
1,2016-12-02,25,433,13,28,971,18
1,2016-12-02,18,359,9,16,609,14
1,2016-12-02,14,212,8,13,398,12
1,2016-12-02,34,379,10,31,1005,18
1,2016-12-02,12,91,6,16,266,9
1,2016-12-02,18,117,7,19,253,10
1,2016-12-02,15,113,7,19,489,12
1,2016-12-02,20,351,9,44,914,17
1,2016-12-02,17,1838,19,19,2440,20
1,2016-12-02,14,401,10,20,1145,17
1,2016-12-02,19,459,11,22,888,14
1,2016-12-02,14,81,5,18,343,9
1,2016-12-02,20,104,6,22,263,9
1,2016-12-02,29,499,12,24,767,14
1,2016-12-02,14,173,9,16,442,12
1,2016-12-02,34,929,15,52,3282,27
1,2016-12-02,65,1736,22,52,2476,27
1,2016-12-02,8,84,6,12,255,9
1,2016-12-02,12,73,4,12,349,8
1,2016-12-02,18,207,9,42,617,16
1,2016-12-02,78,721,15,65,1044,19
1,2016-12-02,13,122,6,10,219,8
1,2016-12-02,6,213,9,6,211,8
1,2016-12-02,13,131,6,13,458,12
1,2016-12-02,23,399,10,21,755,16
1,2016-12-02,19,184,7,16,423,10
1,2016-12-02,30,459,13,35,977,16
1,2016-12-02,16,246,8,18,865,14
1,2016-12-02,9,301,10,7,553,12
1,2016-12-02,9,110,6,13,196,9
1,2016-12-02,4,48,4,6,350,10
1,2016-12-02,13,161,7,18,316,9
1,2016-12-02,26,107,6,24,290,9
1,2016-12-02,18,486,11,19,720,12
1,2016-12-02,22,131,6,32,564,13
1,2016-12-02,12,126,6,14,385,12
1,2016-12-02,16,471,13,17,709,16
1,2016-12-02,20,115,6,18,359,10
1,2016-12-02,10,246,8,10,480,10
1,2016-12-02,16,223,9,32,815,16
1,2016-12-02,15,89,6,10,291,10
1,2016-12-02,7,239,9,5,237,9
1,2016-12-02,20,283,10,19,617,13
1,2016-12-02,19,302,9,26,719,14
1,2016-12-02,13,225,8,15,926,16
1,2016-12-02,5,139,7,6,315,10
1,2016-12-02,16,235,8,16,835,12
1,2016-12-02,39,296,8,38,630,14
1,2016-12-02,11,146,6,13,498,13
1,2016-12-02,10,125,7,38,492,13
1,2016-12-02,22,338,10,24,493,12
1,2016-12-02,24,159,6,13,785,15
1,2016-12-02,15,378,10,14,762,16
1,2016-12-02,16,233,8,11,848,16
1,2016-12-02,7,78,6,14,389,12
1,2016-12-02,21,107,6,20,315,10
1,2016-12-02,21,426,11,24,610,13
1,2016-12-02,14,204,7,11,582,12
1,2016-12-02,10,90,8,11,325,9
1,2016-12-02,20,481,12,22,793,15
1,2016-12-02,14,236,8,21,585,13
1,2016-12-02,15,174,8,18,709,14
1,2016-12-02,12,69,6,17,439,11
1,2016-12-02,49,2828,25,33,3585,30
1,2016-12-02,27,626,12,22,1175,18
1,2016-12-02,41,762,15,45,898,19
1,2016-12-02,1,241,6,1,703,8
1,2016-12-02,12,159,7,14,518,13
1,2016-12-02,10,77,5,13,268,9
1,2016-12-02,14,295,9,13,475,12
1,2016-12-02,15,410,9,12,1001,17
1,2016-12-02,29,920,19,27,1258,22
1,2016-12-02,19,131,6,17,475,13
1,2016-12-02,16,72,5,12,235,9
1,2016-12-02,17,256,8,14,261,8
1,2016-12-02,8,80,6,8,142,8
1,2016-12-02,2,37,3,12,317,9
1,2016-12-02,15,636,14,39,4290,23
1,2016-12-02,7,195,8,8,555,13
1,2016-12-02,22,427,11,15,929,16
1,2016-12-02,14,110,7,15,446,12
1,2016-12-02,11,167,8,32,744,15
1,2016-12-02,32,72,5,41,342,12
1,2016-12-02,20,63,5,20,245,8
1,2016-12-02,13,274,6,9,582,11
1,2016-12-02,13,154,8,14,434,13
1,2016-12-02,9,229,7,14,523,11
1,2016-12-02,14,150,7,15,388,11
1,2016-12-02,18,191,8,21,432,12
1,2016-12-02,17,91,5,19,566,12
1,2016-12-02,21,126,7,23,283,10
1,2016-12-02,17,62,5,17,173,8
1,2016-12-02,29,338,10,28,707,16
1,2016-12-02,26,513,12,29,905,16
1,2016-12-02,5,145,7,5,429,11
1,2016-12-02,38,559,11,30,965,13
1,2016-12-02,9,272,10,11,603,12
1,2016-12-02,8,661,13,7,943,16
1,2016-12-02,26,79,6,48,301,10
1,2016-12-02,14,96,7,10,284,9
1,2016-12-02,22,343,11,32,889,17
1,2016-12-02,20,329,10,27,792,16
1,2016-12-02,18,190,9,11,272,9
1,2016-12-02,15,106,5,19,363,8
1,2016-12-02,2,32,4,1,80,6
1,2016-12-02,9,202,7,17,453,10
1,2016-12-02,13,142,5,23,6397,14
1,2016-12-02,53,902,15,48,1684,20
1,2016-12-02,7,84,6,10,277,9
1,2016-12-02,30,510,10,31,883,11
1,2016-12-02,7,347,10,7,995,16
1,2016-12-02,27,475,11,23,602,15
1,2016-12-02,19,953,18,18,1542,20
1,2016-12-02,6,132,6,10,554,11
1,2016-12-02,23,66,6,23,314,11
1,2016-12-02,16,229,9,17,434,12
1,2016-12-02,7,100,5,12,722,14
1,2016-12-02,15,131,7,14,418,12
1,2016-12-02,15,204,8,17,546,13
1,2016-12-02,21,260,10,20,748,16
1,2016-12-02,6,107,5,9,486,10
1,2016-12-02,10,199,8,12,362,10
1,2016-12-02,17,275,9,16,586,12
1,2016-12-02,16,184,8,17,378,10
1,2016-12-02,13,49,4,14,241,8
1,2016-12-02,14,239,6,15,449,10
1,2016-12-02,5,155,6,9,375,10
1,2016-12-02,18,297,8,23,608,11
1,2016-12-02,16,326,9,16,524,12
1,2016-12-02,34,680,16,29,1017,18
1,2016-12-02,10,57,2,9,502,8
1,2016-12-02,8,64,4,11,941,11
1,2016-12-02,15,551,10,15,1076,14
1,2016-12-02,20,208,8,22,602,12
1,2016-12-02,14,322,10,13,689,14
1,2016-12-02,20,179,7,25,910,14
1,2016-12-02,13,149,7,18,610,13
1,2016-12-02,27,285,10,41,842,18
1,2016-12-02,26,396,10,37,962,17
1,2016-12-02,14,196,8,18,597,12
1,2016-12-02,32,336,11,34,758,14
1,2016-12-02,8,140,8,11,455,12
1,2016-12-02,9,162,7,17,384,10
1,2016-12-02,15,139,7,21,327,9
1,2016-12-02,10,120,7,10,341,11
1,2016-12-02,17,109,5,18,357,9
1,2016-12-02,4,19,3,13,157,8
1,2016-12-02,20,508,12,17,962,16
1,2016-12-02,11,55,4,11,266,9
1,2016-12-02,8,112,6,14,340,9
1,2016-12-02,13,302,10,14,486,12
1,2016-12-02,11,228,7,12,442,9
1,2016-12-02,3,21,3,3,3651,13
1,2016-12-02,10,149,7,10,417,12
1,2016-12-02,10,365,9,13,2102,20
1,2016-12-02,9,182,8,16,319,10
1,2016-12-02,18,36,5,18,227,8
1,2016-12-02,7,568,14,7,1205,18
1,2016-12-02,17,282,10,13,503,12
1,2016-12-02,9,272,8,12,558,10
1,2016-12-02,17,200,9,18,350,10
1,2016-12-02,4,96,4,35,762,17
1,2016-12-02,51,398,12,52,1046,17
1,2016-12-02,22,147,6,31,637,13
1,2016-12-02,28,1005,17,26,1018,16
1,2016-12-02,10,141,8,9,354,13
1,2016-12-02,6,26,4,11,228,8
1,2016-12-02,20,136,7,17,519,13
1,2016-12-02,6,351,10,14,596,15
1,2016-12-02,11,159,9,15,252,11
1,2016-12-02,6,244,9,6,338,9
1,2016-12-02,13,932,11,15,2172,19
1,2016-12-02,0,0,1,0,1,1
1,2016-12-02,7,156,9,16,515,16
1,2016-12-02,11,259,9,11,409,10
1,2016-12-02,19,1025,15,21,2078,19
1,2016-12-02,17,251,10,25,501,14
1,2016-12-02,5,23,3,16,496,15
1,2016-12-02,10,183,8,8,279,9
1,2016-12-02,19,153,6,23,502,12
1,2016-12-02,13,143,7,13,369,10
1,2016-12-02,32,1337,21,30,1495,21
1,2016-12-02,19,335,11,17,815,14
1,2016-12-02,12,399,11,10,906,16
1,2016-12-02,43,1592,20,36,2346,27
1,2016-12-02,23,477,14,26,862,17
1,2016-12-02,13,86,5,13,321,9
1,2016-12-02,15,291,10,19,655,15
1,2016-12-02,6,144,6,8,382,10
1,2016-12-02,16,161,7,24,570,11
1,2016-12-02,15,651,16,13,762,17
1,2016-12-02,13,197,8,10,325,10
1,2016-12-02,14,104,6,15,282,10
1,2016-12-02,30,166,7,23,567,13
1,2016-12-02,12,169,8,16,518,13
1,2016-12-02,10,140,7,13,311,9
1,2016-12-02,12,185,9,10,371,11
1,2016-12-02,17,192,8,22,470,11
1,2016-12-02,10,136,7,12,304,9
1,2016-12-02,15,208,7,15,551,12
1,2016-12-02,19,252,10,20,516,13
1,2016-12-02,7,129,6,8,332,12
1,2016-12-02,18,120,7,20,180,9
1,2016-12-02,16,219,8,21,633,13
1,2016-12-02,12,247,9,18,529,15
1,2016-12-02,12,494,11,10,1189,17
1,2016-12-02,15,466,11,18,765,14
1,2016-12-02,21,206,8,7,170,7
1,2017-04-03,9,75,6,10,259,10
1,2017-04-03,56,1762,20,57,3041,28
1,2017-04-03,15,363,12,15,570,13
1,2017-04-03,17,247,11,19,410,12
1,2017-04-03,19,98,6,59,1234,17
1,2017-04-03,11,112,7,11,300,11
1,2017-04-03,7,294,10,8,606,14
1,2017-04-03,7,79,5,33,536,11
1,2017-04-03,5,444,10,6,986,12
1,2017-04-03,27,124,6,37,317,10
1,2017-04-03,15,164,9,14,349,11
1,2017-04-03,8,111,7,10,448,12
1,2017-04-03,21,534,10,27,889,12
1,2017-04-03,15,855,14,18,1509,17
1,2017-04-03,7,125,6,9,381,10
1,2017-04-03,33,384,13,37,880,19
1,2017-04-03,9,86,6,8,189,8
1,2017-04-03,11,351,11,24,825,16
1,2017-04-03,21,127,7,16,322,10
1,2017-04-03,14,796,12,11,1717,17
1,2017-04-03,10,245,10,11,508,15
1,2017-04-03,17,328,10,22,435,11
1,2017-04-03,2,4,2,32,788,15
1,2017-04-03,6,151,5,9,361,8
1,2017-04-03,11,392,11,8,816,16
1,2017-04-03,15,155,6,13,339,10
1,2017-04-03,25,193,7,33,440,10
1,2017-04-03,8,133,6,11,307,9
1,2017-04-03,17,117,7,15,381,12
1,2017-04-03,3,152,3,10,229,4
1,2017-04-03,12,191,7,13,396,12
1,2017-04-03,49,707,13,39,1490,24
1,2017-04-03,17,200,9,22,561,12
1,2017-04-03,41,148,7,46,340,11
1,2018-04-06,7,94,6,12,255,9
1,2018-04-06,13,103,6,11,266,9
1,2018-04-06,13,227,9,15,636,14
1,2018-04-06,12,193,9,12,354,11
1,2018-04-06,9,319,11,7,454,12
1,2018-04-06,11,286,9,12,562,10
1,2018-04-06,24,333,9,14,261,8
1,2018-04-06,14,184,8,16,344,10
1,2018-04-06,2,43,3,12,317,9
1,2018-04-06,8,696,10,17,1812,18
1,2018-04-06,13,511,13,19,940,17
1,2018-04-06,12,537,13,11,819,18
1,2018-04-06,6,386,11,6,338,9
1,2018-04-06,14,178,9,14,349,11
1,2018-04-06,12,450,11,13,539,12
1,2018-04-06,21,267,9,22,561,12
1,2018-04-06,14,374,10,18,906,15
1,2018-04-06,9,534,15,9,848,15
1,2018-04-06,18,429,12,16,524,12
1,2018-04-06,4,39,5,10,226,8
1,2018-04-06,9,82,6,11,272,10
1,2018-04-06,13,147,7,14,494,13
1,2018-04-06,20,373,10,41,1143,18
1,2018-04-06,14,261,11,13,683,15
1,2018-04-06,23,162,7,20,736,15
1,2018-04-06,8,168,6,11,307,9
1,2018-04-06,10,55,5,14,435,9
1,2018-04-06,6,181,7,8,258,9
1,2018-04-06,14,697,12,15,1122,16
1,2018-04-06,15,342,9,26,1124,17
1,2018-04-06,9,213,6,9,497,9
1,2018-04-06,6,136,7,9,374,12
1,2018-04-06,18,172,8,18,359,10
1,2018-04-06,9,175,7,10,475,11
1,2018-04-06,8,611,13,7,1205,18
1,2018-04-06,9,128,7,14,340,9
1,2018-04-06,11,208,9,20,422,11
1,2018-04-06,7,173,9,12,488,16
1,2018-04-06,5,192,7,9,375,10
1,2018-04-06,19,285,10,22,507,12
1,2018-04-06,26,423,12,27,720,14
1,2018-04-06,15,132,7,16,372,11
1,2018-04-06,15,161,8,11,483,11
1,2018-04-06,26,281,9,44,775,16
1,2018-04-06,15,347,9,10,325,10
1,2018-04-06,16,221,9,14,418,12
1,2018-04-06,12,124,7,13,268,9
1,2018-04-06,27,459,11,25,803,13
1,2018-04-06,7,444,13,11,948,16
1,2018-04-06,11,87,6,10,345,11
1,2018-04-06,13,554,14,30,1198,22
1,2018-04-06,27,587,12,25,883,16
1,2018-04-06,8,369,13,7,904,17
1,2018-04-06,7,340,6,11,640,8
1,2018-04-06,12,147,7,11,300,11
1,2018-04-06,47,405,10,47,787,15
1,2018-04-06,18,201,9,25,400,10
1,2018-04-06,16,335,10,12,1093,17
1,2018-04-06,24,255,8,22,1023,15
1,2018-04-06,23,506,13,21,755,16
1,2018-04-06,13,229,9,13,311,9
1,2018-04-06,12,265,11,14,464,12
1,2018-04-06,30,494,14,37,880,19
1,2018-04-06,5,68,5,15,271,9
1,2018-04-06,8,157,9,14,312,10
1,2018-04-06,15,310,9,20,784,13
1,2018-04-06,13,1253,15,11,2135,20
1,2018-04-06,8,84,5,10,217,9
1,2018-04-06,16,121,7,18,343,9
1,2018-04-06,13,193,8,12,458,11
1,2018-04-06,10,107,6,10,448,12
1,2018-04-06,25,701,12,27,889,12
1,2018-04-06,4,98,5,3,384,10
1,2018-04-06,5,177,8,5,429,11
1,2018-04-06,12,59,4,13,403,12
1,2018-04-06,14,207,9,21,432,12
1,2018-04-06,8,223,8,12,567,12
1,2018-04-06,8,478,13,7,943,16
1,2018-04-06,9,218,9,14,434,13
1,2018-04-06,18,257,10,42,617,16
1,2018-04-06,15,267,10,16,667,14
1,2018-04-06,8,64,5,7,226,9
1,2018-04-06,21,307,10,48,835,16
1,2018-04-06,5,226,7,7,609,14
1,2018-04-06,12,569,10,12,1089,12
1,2018-04-06,24,318,10,25,668,14
1,2018-04-06,19,468,12,13,689,14
1,2018-04-06,15,159,8,21,327,9
1,2018-04-06,19,278,11,22,663,13
1,2018-04-06,11,60,5,9,233,8
1,2018-04-06,20,417,12,22,783,15
1,2018-04-06,18,404,12,19,655,15
1,2018-04-06,19,72,6,19,327,10
1,2018-04-06,6,166,5,9,361,8
1,2018-04-06,9,84,6,16,414,10
1,2018-04-06,25,205,8,27,443,11
1,2018-04-06,22,442,10,24,828,13
1,2018-04-06,12,93,7,17,439,11
1,2018-04-06,6,105,7,10,277,9
1,2018-04-06,7,71,6,12,238,11
1,2018-04-06,28,397,11,28,707,16
1,2018-04-06,6,277,10,12,695,12
1,2018-04-06,8,207,7,11,572,13
1,2018-04-06,19,492,14,27,806,17
1,2018-04-06,9,123,7,12,179,8
1,2018-04-06,30,488,11,24,767,14
1,2018-04-06,13,956,11,9,1935,16
1,2018-04-06,23,92,6,23,314,11
1,2018-04-06,80,5370,32,57,9362,42
1,2018-04-06,10,67,4,9,256,9
1,2018-04-06,19,211,8,31,637,13
1,2018-04-06,18,159,8,19,253,10
1,2018-04-06,16,98,5,12,235,9
1,2018-04-06,12,346,8,14,523,11
1,2018-04-06,31,1836,20,39,3120,24
1,2018-04-06,11,206,10,10,341,11
1,2018-04-06,17,779,14,19,1341,17
1,2018-04-06,11,169,8,9,354,13
1,2018-04-06,19,492,15,23,934,19
1,2018-04-06,10,179,9,10,382,12
1,2018-04-06,18,160,7,24,570,11
1,2018-04-06,31,199,8,27,565,15
1,2018-04-06,7,275,8,10,480,10
1,2018-04-06,16,195,7,17,322,9
1,2018-04-06,12,167,8,23,461,14
1,2018-04-06,7,194,8,9,726,11
1,2018-04-06,26,247,9,27,514,13
1,2018-04-06,12,168,7,13,458,12
1,2018-04-06,12,182,7,13,498,13
1,2018-04-06,14,438,11,16,1062,20
1,2018-04-06,21,151,7,20,363,11
1,2018-04-06,7,128,7,14,389,12
1,2018-04-06,22,889,17,17,1339,20
1,2018-04-06,33,292,10,28,635,13
1,2018-04-06,14,690,12,14,1256,17
1,2018-04-06,17,422,14,20,786,15
1,2018-04-06,17,89,6,25,278,9
1,2018-04-06,17,341,11,21,633,13
1,2018-04-06,18,295,9,22,470,11
1,2018-04-06,26,213,8,24,1017,16
1,2018-04-06,46,187,9,46,340,11
1,2018-04-06,22,268,9,22,512,11
1,2018-04-06,12,284,9,18,529,15
1,2018-04-06,9,488,9,9,1027,13
1,2017-12-05,19,513,12,23,1173,18
1,2017-12-05,15,172,7,14,518,13
1,2017-12-05,16,808,14,19,1509,19
1,2017-12-05,21,315,9,23,658,13
1,2017-12-05,9,286,10,8,993,17
1,2017-12-05,11,336,11,11,409,10
1,2017-12-05,13,158,7,13,452,10
1,2017-12-05,12,157,7,10,219,8
1,2017-12-05,18,423,11,23,1011,17
1,2017-12-05,25,252,8,23,502,12
1,2017-12-05,34,1037,16,52,3282,27
1,2017-12-05,20,178,9,26,430,12
1,2017-12-05,7,353,11,7,1232,18
1,2017-12-05,8,275,10,8,490,12
1,2017-12-05,18,98,6,19,521,14
1,2017-12-05,18,339,11,20,771,16
1,2017-12-05,9,167,6,8,382,10
1,2017-12-05,13,579,14,21,1025,18
1,2017-12-05,18,249,10,11,272,9
1,2017-12-05,23,546,13,22,793,15
1,2017-12-05,14,137,6,16,421,10
1,2017-12-05,13,77,5,10,291,10
1,2017-12-05,9,548,11,11,1152,16
1,2017-12-05,12,84,5,11,399,11
1,2017-12-05,12,88,6,13,328,9
1,2017-12-05,20,87,6,17,318,10
1,2017-12-05,19,238,8,19,479,12
1,2017-12-05,27,196,9,23,283,10
1,2017-12-05,15,60,5,23,251,11
1,2017-12-05,33,322,9,30,682,14
1,2017-12-05,5,205,6,24,591,11
1,2017-12-05,18,212,7,16,423,10
1,2017-12-05,20,383,11,21,865,16
1,2017-12-05,19,219,8,20,907,14
1,2017-12-05,23,318,9,28,922,18
1,2017-12-05,39,248,8,44,855,15
1,2017-12-05,6,56,5,9,193,8
1,2017-12-05,32,783,15,37,1214,17
1,2017-12-05,8,117,8,13,443,13
1,2017-12-05,16,195,8,15,388,11
1,2017-12-05,15,96,7,22,340,9
1,2017-12-05,29,142,6,32,543,13
1,2017-12-05,15,195,8,18,610,13
1,2017-12-05,13,108,6,13,321,9
1,2017-12-05,3,150,7,8,426,10
1,2017-12-05,19,575,13,17,1044,18
1,2017-12-05,10,101,6,34,863,16
1,2017-12-05,19,600,10,13,1174,15
1,2017-12-05,12,370,6,9,582,11
1,2017-12-05,17,299,9,37,1024,17
1,2017-12-05,15,140,6,25,390,10
1,2017-12-05,15,123,6,19,389,9
1,2017-12-05,10,373,6,14,629,8
1,2017-12-05,13,69,5,17,289,10
1,2017-12-05,17,841,13,16,1330,17
1,2017-12-05,28,579,13,26,1037,18
1,2017-12-05,16,340,10,23,849,15
1,2017-12-05,11,107,7,10,284,9
1,2017-12-05,16,284,10,18,350,10
1,2017-12-05,12,40,3,19,238,7
1,2017-12-05,27,161,6,31,521,12
1,2017-12-05,15,154,8,19,809,16
1,2017-12-05,21,565,14,21,1348,20
1,2017-12-05,11,85,5,21,335,10
1,2017-12-05,26,201,9,29,421,11
1,2017-12-05,23,423,12,17,815,14
1,2017-12-05,4,22,3,3,3651,13
1,2017-12-05,22,237,8,19,1129,19
1,2017-12-05,5,62,5,6,350,10
1,2017-12-05,14,154,8,13,542,13
1,2017-12-05,15,131,6,19,363,8
1,2017-12-05,13,237,8,16,1092,18
1,2017-12-05,15,139,7,29,463,11
1,2017-12-05,20,82,6,20,315,10
1,2017-12-05,20,87,6,17,173,8
1,2017-12-05,8,284,10,9,563,13
1,2017-12-05,19,1011,9,20,1441,12
1,2017-12-05,13,189,10,10,371,11
1,2017-12-05,11,131,7,26,677,15
1,2017-12-05,11,171,8,12,304,9
1,2017-12-05,13,153,7,18,337,10
1,2017-12-05,16,533,12,18,765,14
2,2017-08-04,4,117,6,5,161,6
2,2017-08-04,6,246,8,6,393,9
2,2017-08-04,9,178,9,9,184,8
2,2017-08-04,5,54,6,6,112,7
2,2017-08-04,3,35,3,5,1646,15
2,2017-08-04,8,90,6,8,401,10
2,2017-08-04,2,34,3,1,157,6
2,2017-08-04,2,53,4,3,458,6
2,2017-08-04,6,173,7,6,296,9
2,2017-08-04,9,111,7,9,403,11
2,2017-08-04,9,43,5,17,130,7
2,2017-08-04,8,353,10,10,786,16
2,2017-08-04,5,37,5,7,77,6
2,2017-08-04,6,62,5,8,145,7
2,2017-08-04,14,172,7,14,456,11
2,2017-08-04,6,82,5,7,162,8
2,2017-08-04,10,80,6,9,265,9
2,2017-08-04,9,33,4,11,154,7
2,2017-08-04,6,176,9,6,313,11
2,2017-08-04,3,219,9,1,277,11
2,2017-08-04,7,415,12,11,819,18
2,2017-08-04,12,496,14,19,788,16
2,2017-08-04,7,154,7,8,175,7
2,2017-08-04,7,31,4,8,128,7
2,2017-08-04,5,31,4,6,122,7
2,2017-08-04,9,346,10,9,644,12
2,2017-08-04,5,55,5,7,309,12
2,2017-08-04,6,41,4,7,334,6
2,2017-08-04,4,39,4,6,126,6
2,2017-08-04,6,127,5,7,350,6
2,2017-08-04,4,31,4,5,132,6
2,2017-08-04,14,139,8,13,231,8
2,2017-08-04,7,58,6,9,121,6
2,2017-08-04,7,98,6,12,172,7
2,2017-08-04,2,110,6,4,273,10
2,2017-08-04,9,182,9,9,344,11
2,2017-08-04,2,18,3,5,162,7
2,2017-08-04,6,202,9,15,570,13
2,2017-08-04,3,331,11,4,597,13
2,2017-08-04,3,274,4,10,959,13
2,2017-08-04,6,43,4,15,371,6
2,2017-08-04,3,102,6,9,269,8
2,2017-08-04,3,52,5,10,114,7
2,2017-08-04,12,548,12,14,1035,17
2,2017-08-04,7,341,11,6,453,11
2,2016-12-02,20,235,8,25,668,14
2,2016-12-02,11,55,5,17,165,7
2,2016-12-02,12,329,10,24,493,12
2,2016-12-02,13,505,12,15,721,15
2,2016-12-02,5,147,8,5,177,10
2,2016-12-02,11,138,7,10,307,11
2,2016-12-02,6,134,8,16,442,12
2,2016-12-02,5,160,6,7,278,7
2,2016-12-02,4,46,4,5,115,8
2,2016-12-02,17,220,7,19,420,9
2,2016-12-02,12,70,6,12,186,8
2,2016-12-02,11,389,13,11,539,12
2,2016-12-02,23,162,8,12,126,8
2,2016-12-02,3,146,6,9,375,10
2,2016-12-02,4,60,5,4,155,7
2,2016-12-02,2,27,2,38,434,14
2,2016-12-02,5,97,7,17,384,10
2,2016-12-02,5,17,3,5,91,6
2,2016-12-02,3,76,5,3,197,8
2,2016-12-02,9,66,4,9,256,9
2,2016-12-02,13,57,4,29,463,11
2,2016-12-02,13,40,4,19,146,8
2,2016-12-02,8,90,6,16,344,10
2,2016-12-02,3,35,5,8,163,7
2,2016-12-02,2,69,6,3,140,7
2,2016-12-02,5,57,6,8,142,8
2,2016-12-02,6,139,7,7,273,9
2,2016-12-02,6,83,5,11,215,7
2,2016-12-02,4,21,3,5,85,7
2,2016-12-02,7,67,5,13,214,8
2,2016-12-02,7,177,7,8,309,10
2,2016-12-02,24,125,6,20,286,9
2,2016-12-02,6,56,5,6,176,6
2,2016-12-02,9,93,5,9,164,7
2,2016-12-02,7,475,12,9,643,14
2,2016-12-02,3,7,2,4,37,4
2,2016-12-02,8,27,4,14,241,8
2,2016-12-02,11,74,5,15,198,8
2,2016-12-02,11,113,6,22,810,10
2,2016-12-02,0,5,2,0,12,2
2,2016-12-02,9,103,6,10,185,8
2,2016-12-02,6,118,7,8,170,6
2,2016-12-02,6,90,5,9,305,9
2,2016-12-02,4,303,9,4,275,9
2,2016-12-02,5,66,7,11,304,10
2,2016-12-02,9,127,9,11,460,12
2,2016-12-02,9,68,4,11,243,8
2,2016-12-02,7,109,6,8,211,9
2,2016-12-02,11,278,9,22,783,15
2,2016-12-02,8,74,5,12,163,7
2,2016-12-02,4,92,6,2,135,6
2,2016-12-02,7,156,8,13,367,13
2,2016-12-02,9,135,8,9,158,8
2,2016-12-02,11,170,8,12,346,11
2,2016-12-02,5,96,6,7,186,8
2,2016-12-02,6,50,4,6,208,7
2,2016-12-02,6,64,5,9,127,5
2,2016-12-02,5,26,4,13,136,8
2,2016-12-02,7,120,5,10,475,11
2,2016-12-02,6,68,5,6,162,7
2,2016-12-02,8,77,5,12,140,5
2,2016-12-02,19,313,10,20,545,15
2,2016-12-02,5,208,8,6,274,9
2,2016-12-02,5,66,5,6,201,7
2,2016-12-02,12,83,5,16,243,9
2,2016-12-02,7,14,3,6,148,8
2,2016-12-02,5,40,3,13,340,6
2,2016-12-02,4,46,4,7,107,6
2,2016-12-02,3,87,6,3,169,8
2,2016-12-02,11,25,4,20,245,8
2,2016-12-02,0,13,2,1,31,2
2,2016-12-02,8,77,5,10,417,12
2,2016-12-02,4,54,4,4,149,8
2,2016-12-02,2,37,3,12,317,9
2,2016-12-02,14,96,4,28,1354,13
2,2016-12-02,7,126,7,12,567,12
2,2016-12-02,20,136,6,20,296,9
2,2016-12-02,11,145,6,15,378,8
2,2016-12-02,5,120,7,10,341,11
2,2016-12-02,5,95,6,5,178,7
2,2016-12-02,8,178,8,12,224,9
2,2016-12-02,9,64,5,16,372,11
2,2016-12-02,7,51,4,9,158,6
2,2016-12-02,8,82,7,10,154,7
2,2016-12-02,19,184,8,19,420,9
2,2016-12-02,12,34,4,11,216,9
2,2016-12-02,3,189,7,2,327,8
2,2016-12-02,4,63,5,9,218,8
2,2016-12-02,3,123,6,19,412,11
2,2016-12-02,11,86,5,14,261,8
2,2016-12-02,7,29,3,6,56,4
2,2016-12-02,13,63,6,16,124,6
2,2016-12-02,5,35,4,5,139,6
2,2016-12-02,3,127,6,8,228,8
2,2016-12-02,5,161,7,6,468,10
2,2016-12-02,4,19,3,13,157,8
2,2016-12-02,7,63,5,7,152,7
2,2016-12-02,9,272,8,12,558,10
2,2016-12-02,16,161,8,20,335,11
2,2016-12-02,5,64,5,8,175,7
2,2016-12-02,11,35,4,13,145,7
2,2016-12-02,3,104,7,3,200,7
2,2016-12-02,10,65,5,9,155,8
2,2016-12-02,4,76,4,5,155,4
2,2016-12-02,14,108,6,15,235,8
2,2016-12-02,11,46,4,19,203,9
2,2016-12-02,0,0,0,0,0,0
2,2016-12-02,9,68,6,9,160,8
2,2016-12-02,9,229,7,14,523,11
2,2016-12-02,9,237,9,10,327,11
2,2016-12-02,13,19,3,10,86,6
2,2016-12-02,15,95,5,20,543,15
2,2016-12-02,16,278,10,16,499,11
2,2016-12-02,9,286,7,12,1089,12
2,2016-12-02,5,114,7,5,181,7
2,2016-12-02,14,20,4,14,89,6
2,2016-12-02,7,76,5,10,213,8
2,2016-12-02,2,43,4,6,2229,9
2,2016-12-02,11,229,9,12,311,11
2,2016-12-02,8,45,4,6,92,7
2,2016-12-02,6,73,6,5,154,7
2,2016-12-02,3,49,4,5,123,5
2,2016-12-02,12,173,9,14,336,11
2,2016-12-02,5,60,3,5,195,6
2,2016-12-02,3,95,5,3,173,6
2,2016-12-02,2,330,9,2,406,8
2,2016-12-02,22,274,11,25,489,14
2,2016-12-02,4,93,6,6,165,6
2,2016-12-02,4,66,4,22,263,9
2,2016-12-02,9,103,6,8,209,8
2,2016-12-02,9,197,8,10,325,10
2,2016-12-02,21,107,6,20,229,9
2,2016-12-02,4,49,3,18,466,13
2,2016-12-02,3,172,6,6,316,6
2,2016-12-02,6,288,9,13,689,14
2,2016-12-02,3,126,6,8,197,6
2,2016-12-02,3,97,6,3,172,7
2,2016-12-02,5,77,5,5,125,7
2,2016-12-02,2,122,6,3,179,7
2,2016-12-02,13,272,9,13,475,12
2,2016-12-02,3,74,5,10,188,7
2,2016-12-02,3,57,3,6,152,6
2,2016-12-02,13,48,5,11,136,6
2,2016-12-02,7,55,4,10,1101,7
2,2016-12-02,5,309,9,6,449,9
2,2016-12-02,1,205,7,2,352,9
2,2016-12-02,8,91,7,12,142,8
2,2016-12-02,3,96,6,5,135,6
2,2016-12-02,14,144,6,23,444,12
2,2016-12-02,14,129,7,20,267,8
2,2016-12-02,5,45,3,5,123,4
2,2016-12-02,4,120,8,9,354,13
2,2016-12-02,2,39,4,2,129,6
2,2016-12-02,3,44,5,4,133,7
2,2016-12-02,7,379,12,9,848,15
2,2016-12-02,6,127,6,17,321,9
2,2016-12-02,8,29,3,7,153,6
2,2016-12-02,3,35,5,8,132,7
2,2016-12-02,16,165,7,19,334,9
2,2016-12-02,8,52,4,8,168,8
2,2016-12-02,8,74,7,9,153,7
2,2016-12-02,12,151,8,18,187,7
2,2016-12-02,10,126,7,23,283,10
2,2016-12-02,1,47,3,14,312,6
2,2016-12-02,7,293,8,8,422,9
2,2016-12-02,5,49,5,10,448,12
2,2016-12-02,7,128,6,9,305,9
2,2016-12-02,4,96,5,5,134,7
2,2016-12-02,4,51,5,5,447,5
2,2016-12-02,1,52,5,2,194,7
2,2016-12-02,9,140,7,11,228,9
2,2016-12-02,9,46,4,10,191,6
2,2016-12-02,4,27,4,12,238,11
2,2016-12-02,5,60,6,4,120,6
2,2016-12-02,7,46,5,7,148,7
2,2016-12-02,3,66,6,3,138,8
2,2016-12-02,6,46,4,9,120,5
2,2016-12-02,12,273,9,11,423,10
2,2016-12-02,9,20,4,15,306,6
2,2016-12-02,0,32,4,1,80,6
2,2016-12-02,1,4,2,17,417,12
2,2016-12-02,5,46,4,5,85,6
2,2016-12-02,13,144,6,12,269,8
2,2016-12-02,8,169,7,12,237,8
2,2016-12-02,18,131,6,20,277,9
2,2016-12-02,2,69,3,15,730,12
2,2016-12-02,2,10,2,3,52,3
2,2016-12-02,8,27,4,19,129,7
2,2016-12-02,7,365,9,7,486,9
2,2016-12-02,17,93,6,13,275,10
2,2016-12-02,6,85,6,4,361,10
2,2016-12-02,7,119,6,10,286,10
2,2016-12-02,5,125,7,11,455,12
2,2016-12-02,7,123,7,9,237,9
2,2016-12-02,10,357,10,12,545,12
2,2016-12-02,4,45,4,3,123,6
2,2016-12-02,8,69,4,8,128,6
2,2016-12-02,6,22,3,11,941,11
2,2016-12-02,3,70,4,3,120,6
2,2016-12-02,1,40,3,28,439,13
2,2016-12-02,7,86,6,11,277,10
2,2016-12-02,8,134,6,6,104,5
2,2016-12-02,6,92,6,14,222,8
2,2016-12-02,5,102,6,5,158,8
2,2016-12-02,14,78,5,14,300,10
2,2016-12-02,10,66,5,9,131,6
2,2016-12-02,4,167,7,6,255,9
2,2016-12-02,9,59,5,10,143,7
2,2016-12-02,5,96,6,9,147,7
2,2016-12-02,7,168,8,11,234,6
2,2016-12-02,14,82,6,13,278,10
2,2016-12-02,3,118,7,4,189,7
2,2016-12-02,11,256,9,13,373,11
2,2016-12-02,6,91,6,5,347,11
2,2016-12-02,8,138,7,11,297,8
2,2016-12-02,8,47,4,10,105,7
2,2016-12-02,10,206,8,11,309,11
2,2016-12-02,23,273,11,23,428,13
2,2016-12-02,21,318,12,21,441,13
2,2016-12-02,9,72,7,8,130,7
2,2016-12-02,2,161,3,11,175,7
2,2016-12-02,8,61,4,11,168,7
2,2016-12-02,14,73,5,16,191,7
2,2016-12-02,4,88,4,7,179,4
2,2016-12-02,2,13,2,13,87,6
2,2016-12-02,14,96,5,15,202,8
2,2016-12-02,4,76,6,4,154,6
2,2016-12-02,12,152,7,13,294,10
2,2016-12-02,8,128,7,11,239,9
2,2016-12-02,5,142,6,5,263,8
2,2016-12-02,3,96,4,35,762,17
2,2016-12-02,5,105,6,5,308,10
2,2016-12-02,10,68,5,13,184,8
2,2016-12-02,22,988,17,26,1018,16
2,2016-12-02,5,136,5,7,243,7
2,2016-12-02,7,51,5,9,132,6
2,2016-12-02,17,325,11,16,599,13
2,2016-12-02,6,72,6,7,138,5
2,2016-12-02,6,58,5,7,130,7
2,2016-12-02,4,56,5,5,127,7
2,2016-12-02,6,26,4,11,228,8
2,2016-12-02,21,195,8,26,322,10
2,2016-12-02,16,136,7,17,519,13
2,2016-12-02,0,23,3,2,134,6
2,2016-12-02,5,37,5,7,95,6
2,2016-12-02,8,155,9,15,252,11
2,2016-12-02,6,244,9,6,338,9
2,2016-12-02,20,51,6,34,123,7
2,2016-12-02,8,105,5,5,345,9
2,2016-12-02,5,125,7,4,124,7
2,2016-12-02,1,279,9,1,252,10
2,2016-12-02,6,213,7,6,319,9
2,2016-12-02,8,144,8,10,249,9
2,2016-12-02,13,177,7,13,262,10
2,2016-12-02,10,120,7,10,186,7
2,2016-12-02,7,156,9,16,515,16
2,2016-12-02,4,44,4,7,88,6
2,2016-12-02,4,60,5,6,146,6
2,2016-12-02,3,154,7,5,317,11
2,2016-12-02,4,211,9,5,332,10
2,2016-12-02,4,162,6,6,435,11
2,2016-12-02,2,198,8,1,213,10
2,2016-12-02,10,187,7,10,384,12
2,2016-12-02,5,59,5,7,174,7
2,2016-12-02,14,70,5,13,170,7
2,2016-12-02,6,213,9,6,211,8
2,2016-12-02,6,149,6,10,214,7
2,2016-12-02,7,161,8,8,300,10
2,2016-12-02,7,100,6,8,127,7
2,2016-12-02,7,134,7,7,231,8
2,2016-12-02,4,39,3,10,493,6
2,2016-12-02,13,27,3,10,155,6
2,2016-12-02,12,198,9,11,272,12
2,2016-12-02,11,53,5,9,160,8
2,2016-12-02,0,4,2,0,10,1
2,2016-12-02,14,363,8,13,428,8
2,2016-12-02,6,37,4,6,115,7
2,2016-12-02,15,30,4,18,227,8
2,2016-12-02,12,108,7,17,396,10
2,2016-12-02,5,97,7,7,219,9
2,2016-12-02,4,66,5,5,180,7
2,2016-12-02,6,124,8,5,347,12
2,2016-12-02,2,103,6,32,744,15
2,2016-12-02,2,90,6,4,167,7
2,2016-12-02,8,189,6,10,264,8
2,2016-12-02,6,45,4,5,155,7
2,2016-12-02,6,54,5,6,131,7
2,2016-12-02,5,401,7,7,552,8
2,2016-12-02,9,106,7,9,290,10
2,2016-12-02,6,29,4,12,134,7
2,2016-12-02,13,156,8,21,633,13
2,2016-12-02,2,43,5,5,171,8
2,2016-12-02,13,161,6,22,512,11
2,2016-12-02,5,52,4,8,139,7
2,2016-12-02,5,106,6,7,272,9
2,2016-12-02,8,230,9,18,529,15
2,2016-12-02,9,218,8,7,148,6
2,2016-12-02,7,429,9,8,382,8
2,2016-12-02,13,116,5,11,161,7
2,2016-12-02,10,86,5,15,376,12
2,2016-12-02,10,93,6,10,174,8
2,2016-12-02,14,31,4,15,181,9
2,2016-12-02,8,87,6,24,339,12
2,2016-12-02,8,329,9,18,765,14
2,2016-12-02,20,178,8,16,255,9
2,2017-04-03,12,381,11,19,1509,19
2,2017-04-03,6,144,6,0,168,7
2,2017-04-03,4,100,5,5,152,6
2,2017-04-03,0,125,7,0,202,6
2,2017-04-03,10,388,12,9,688,14
2,2017-04-03,9,59,4,10,114,6
2,2017-04-03,8,241,11,19,410,12
2,2017-04-03,1,152,3,10,229,4
2,2017-04-03,3,141,6,8,606,14
2,2017-04-03,8,76,6,13,172,9
2,2017-04-03,5,336,11,4,593,13
2,2017-04-03,7,79,5,33,536,11
2,2017-04-03,7,25,4,9,97,6
2,2017-04-03,2,42,5,5,123,6
2,2017-04-03,5,27,4,6,72,6
2,2017-04-03,5,111,6,6,201,7
2,2017-04-03,1,88,7,1,183,9
2,2017-04-03,5,102,7,4,204,8
2,2017-04-03,14,188,8,16,412,11
2,2017-04-03,7,83,6,13,339,10
2,2017-04-03,9,141,7,13,254,9
2,2017-04-03,10,52,5,9,174,8
2,2017-04-03,7,84,4,9,174,8
2,2017-04-03,4,63,5,5,154,8
2,2017-04-03,5,67,6,7,185,8
2,2017-04-03,11,126,7,13,342,11
2,2017-04-03,8,85,4,10,174,7
2,2017-04-03,10,217,9,12,562,10
2,2017-04-03,3,192,8,7,454,12
2,2017-04-03,6,107,6,5,216,8
2,2017-04-03,8,289,9,16,1062,20
2,2017-04-03,2,60,5,15,271,9
2,2017-04-03,1,32,3,12,555,10
2,2017-04-03,5,97,4,9,361,8
2,2017-04-03,2,108,5,1,155,6
2,2017-04-03,9,39,4,5,140,8
2,2017-04-03,9,184,9,11,444,13
2,2017-04-03,4,46,4,6,104,4
2,2017-04-03,2,67,5,6,120,6
2,2017-04-03,10,367,13,23,934,19
2,2017-04-03,5,55,4,7,123,5
2,2017-04-03,9,67,6,10,129,7
2,2017-04-03,13,54,5,13,183,8
2,2017-04-03,6,144,6,0,168,7
2,2017-04-03,15,839,16,13,1072,19
2,2017-04-03,12,132,7,18,393,10
2,2017-04-03,6,54,4,8,260,7
2,2017-04-03,8,51,4,17,187,8
2,2017-04-03,5,112,6,20,422,11
2,2017-04-03,20,304,10,21,994,17
2,2017-04-03,14,147,6,15,348,11
2,2017-04-03,9,67,6,10,121,6
2,2017-04-03,4,37,4,5,1753,7
2,2017-04-03,3,117,6,6,194,8
2,2017-04-03,13,56,5,25,278,9
2,2017-04-03,5,110,5,3,229,8
2,2017-04-03,12,120,7,22,223,8
2,2018-04-06,9,59,6,19,146,8
2,2018-04-06,8,78,6,9,143,7
2,2018-04-06,6,52,4,8,146,7
2,2018-04-06,9,141,7,13,254,9
2,2018-04-06,8,101,7,12,330,10
2,2018-04-06,1,42,3,12,317,9
2,2018-04-06,9,146,7,9,269,9
2,2018-04-06,6,90,7,4,154,6
2,2018-04-06,17,197,9,13,367,13
2,2018-04-06,6,536,10,6,946,13
2,2018-04-06,9,95,6,12,186,8
2,2018-04-06,7,166,8,10,255,10
2,2018-04-06,7,24,3,6,91,6
2,2018-04-06,5,67,6,8,127,6
2,2018-04-06,5,162,8,3,179,7
2,2018-04-06,5,41,4,8,94,6
2,2018-04-06,6,78,5,8,132,6
2,2018-04-06,8,141,8,8,170,6
2,2018-04-06,3,98,6,6,171,8
2,2018-04-06,8,238,10,4,124,7
2,2018-04-06,4,161,7,3,263,8
2,2018-04-06,0,195,3,10,229,4
2,2018-04-06,1,125,6,10,299,9
2,2018-04-06,5,17,3,7,136,7
2,2018-04-06,4,45,5,8,132,7
2,2018-04-06,5,200,7,9,331,10
2,2018-04-06,3,14,3,15,121,6
2,2018-04-06,7,85,7,8,95,6
2,2018-04-06,5,181,7,8,258,9
2,2018-04-06,6,187,8,5,263,8
2,2018-04-06,9,57,5,9,174,8
2,2018-04-06,8,532,8,7,552,8
2,2018-04-06,9,122,7,8,219,9
2,2018-04-06,7,264,8,6,255,9
2,2018-04-06,12,126,7,13,184,8
2,2018-04-06,4,61,6,3,158,9
2,2018-04-06,3,239,9,4,270,8
2,2018-04-06,4,253,10,5,427,11
2,2018-04-06,8,53,5,9,88,6
2,2018-04-06,2,129,7,8,628,15
2,2018-04-06,7,38,5,7,109,7
2,2018-04-06,7,140,7,8,231,9
2,2018-04-06,7,21,4,7,161,5
2,2018-04-06,4,343,7,5,481,8
2,2018-04-06,8,116,6,10,185,8
2,2018-04-06,3,571,12,13,2207,20
2,2018-04-06,11,141,7,11,246,10
2,2018-04-06,5,57,4,9,256,9
2,2018-04-06,5,74,5,9,160,8
2,2018-04-06,8,290,7,11,723,11
2,2018-04-06,8,56,6,5,98,7
2,2018-04-06,6,74,5,10,181,8
2,2018-04-06,16,371,10,41,1143,18
2,2018-04-06,11,58,6,10,75,6
2,2018-04-06,10,155,8,10,233,9
2,2018-04-06,6,156,7,5,154,7
2,2018-04-06,3,143,7,6,435,11
2,2018-04-06,3,83,5,4,162,8
2,2018-04-06,3,77,5,6,146,7
2,2018-04-06,7,59,5,7,108,6
2,2018-04-06,5,548,10,7,486,9
2,2018-04-06,3,72,5,3,624,8
2,2018-04-06,11,461,12,12,558,10
2,2018-04-06,16,264,9,13,262,10
2,2018-04-06,5,43,5,11,228,8
2,2018-04-06,4,76,6,4,74,6
2,2018-04-06,3,395,13,5,721,13
2,2018-04-06,7,178,7,0,168,7
2,2018-04-06,11,282,9,10,448,11
2,2018-04-06,7,125,7,8,197,9
2,2018-04-06,9,117,6,11,168,7
2,2018-04-06,5,33,4,7,58,5
2,2018-04-06,5,51,6,8,163,7
2,2018-04-06,3,100,3,5,181,6
2,2018-04-06,9,46,5,9,105,6
2,2018-04-06,6,89,6,6,124,6
2,2018-04-06,6,57,5,8,116,7
2,2018-04-06,5,68,5,4,173,7
2,2018-04-06,7,299,11,8,739,12
2,2018-04-06,2,61,4,5,154,9
2,2018-04-06,0,2,1,11,113,7
2,2018-04-06,12,266,9,13,458,10
2,2018-04-06,6,158,6,18,342,12
2,2018-04-06,2,191,8,3,369,10
2,2018-04-06,10,170,9,25,803,13
2,2018-04-06,13,111,6,10,114,6
2,2018-04-06,3,35,3,7,190,7
2,2018-04-06,10,531,13,30,1198,22
2,2018-04-06,11,98,7,12,521,9
2,2018-04-06,8,60,5,11,137,7
2,2018-04-06,25,402,10,25,572,13
2,2018-04-06,12,234,9,18,187,7
2,2018-04-06,27,1353,23,24,1443,23
2,2018-04-06,6,30,4,6,351,9
2,2018-04-06,6,100,7,9,231,10
2,2018-04-06,2,104,5,1,368,8
2,2018-04-06,2,81,6,4,139,7
2,2018-04-06,8,56,6,9,158,8
2,2018-04-06,5,130,6,5,274,9
2,2018-04-06,3,84,6,8,217,10
2,2018-04-06,9,120,7,6,162,7
2,2018-04-06,3,17,3,2,57,5
2,2018-04-06,0,59,3,7,22,2
2,2018-04-06,5,107,7,7,355,9
2,2018-04-06,6,50,4,7,159,6
2,2018-04-06,4,13,3,6,15,3
2,2018-04-06,6,84,7,11,128,8
2,2018-04-06,2,168,8,10,188,7
2,2018-04-06,7,34,5,8,149,8
2,2018-04-06,5,55,5,15,194,8
2,2018-04-06,7,130,8,4,204,8
2,2018-04-06,10,36,4,11,178,8
2,2018-04-06,4,83,6,5,172,8
2,2018-04-06,12,223,11,9,158,8
2,2018-04-06,22,179,7,15,235,8
2,2018-04-06,8,92,7,7,148,7
2,2018-04-06,6,168,8,6,274,9
2,2018-04-06,0,5,2,7,107,7
2,2018-04-06,6,183,8,9,489,10
2,2018-04-06,10,76,6,9,139,7
2,2018-04-06,3,9,2,4,162,6
2,2018-04-06,5,104,5,5,195,6
2,2018-04-06,11,100,7,13,207,7
2,2018-04-06,18,351,10,18,597,14
2,2018-04-06,11,81,5,17,165,7
2,2018-04-06,3,30,3,7,387,11
2,2018-04-06,2,38,4,5,123,6
2,2018-04-06,7,71,6,12,238,11
2,2018-04-06,6,187,7,11,297,8
2,2018-04-06,16,67,6,13,183,8
2,2018-04-06,0,157,7,0,202,6
2,2018-04-06,11,205,9,10,143,7
2,2018-04-06,8,88,6,7,185,8
2,2018-04-06,5,124,6,9,265,9
2,2018-04-06,8,124,6,9,174,8
2,2018-04-06,17,421,13,20,545,15
2,2018-04-06,8,77,6,19,203,9
2,2018-04-06,7,135,7,5,125,7
2,2018-04-06,6,11,3,15,67,6
2,2018-04-06,12,163,8,13,215,9
2,2018-04-06,7,106,6,6,115,7
2,2018-04-06,1,41,4,7,232,8
2,2018-04-06,10,191,7,11,232,8
2,2018-04-06,8,151,6,9,289,7
2,2018-04-06,6,105,6,21,432,12
2,2018-04-06,8,63,5,9,133,7
2,2018-04-06,4,70,4,6,125,6
2,2018-04-06,8,32,4,9,97,6
2,2018-04-06,5,85,7,11,162,7
2,2018-04-06,8,131,7,7,177,6
2,2018-04-06,19,126,7,35,458,12
2,2018-04-06,2,21,3,13,87,6
2,2018-04-06,11,198,9,16,515,16
2,2018-04-06,6,67,5,4,133,7
2,2018-04-06,4,95,6,5,171,8
2,2018-04-06,1,21,4,12,155,7
2,2018-04-06,1,103,8,4,247,10
2,2018-04-06,9,233,9,30,682,14
2,2018-04-06,11,149,8,13,342,11
2,2018-04-06,7,75,6,8,110,8
2,2018-04-06,1,183,8,15,467,12
2,2018-04-06,10,174,7,18,393,10
2,2018-04-06,2,85,5,2,165,6
2,2018-04-06,6,127,6,12,140,5
2,2018-04-06,7,123,7,12,179,8
2,2018-04-06,3,16,3,4,118,7
2,2018-04-06,6,198,9,4,399,11
2,2018-04-06,6,101,7,10,154,7
2,2018-04-06,10,50,4,9,233,8
2,2018-04-06,1,15,1,8,91,6
2,2018-04-06,3,122,6,1,155,6
2,2018-04-06,3,50,3,11,119,5
2,2018-04-06,7,64,5,5,133,7
2,2018-04-06,4,112,7,12,142,8
2,2018-04-06,6,148,7,5,339,11
2,2018-04-06,7,20,2,12,147,6
2,2018-04-06,8,126,8,8,133,7
2,2018-04-06,13,158,7,15,280,11
2,2018-04-06,14,103,6,23,210,8
2,2018-04-06,8,70,4,12,212,8
2,2018-04-06,5,173,8,7,220,8
2,2018-04-06,10,108,7,13,172,9
2,2018-04-06,8,87,6,2,135,6
2,2018-04-06,12,94,7,9,328,8
2,2018-04-06,1,26,3,2,173,7
2,2018-04-06,4,64,5,10,105,7
2,2018-04-06,3,145,9,3,255,10
2,2018-04-06,6,49,3,10,158,6
2,2018-04-06,4,187,8,8,207,9
2,2018-04-06,7,31,4,7,142,8
2,2018-04-06,9,166,8,9,454,12
2,2018-04-06,7,168,7,12,358,10
2,2018-04-06,4,66,5,6,246,8
2,2018-04-06,9,43,4,10,174,7
2,2018-04-06,4,74,6,6,185,9
2,2018-04-06,8,62,6,19,129,7
2,2018-04-06,4,116,6,4,196,8
2,2018-04-06,2,75,5,16,1064,11
2,2018-04-06,5,54,4,10,493,6
2,2018-04-06,11,71,5,9,120,5
2,2018-04-06,3,115,5,3,166,6
2,2018-04-06,11,55,4,11,114,6
2,2018-04-06,8,46,5,10,129,7
2,2018-04-06,25,212,10,23,465,14
2,2018-04-06,10,210,9,13,312,11
2,2018-04-06,6,122,5,6,194,8
2,2018-04-06,12,189,9,10,235,10
2,2018-04-06,3,22,4,4,170,6
2,2018-04-06,4,62,4,10,209,8
2,2018-04-06,4,66,5,6,175,6
2,2018-04-06,6,80,6,5,154,8
2,2018-04-06,9,122,5,12,218,8
2,2018-04-06,11,149,7,15,202,8
2,2018-04-06,0,117,8,0,161,9
2,2018-04-06,1,17,3,10,5487,42
2,2018-04-06,3,222,9,8,372,10
2,2018-04-06,6,173,7,9,385,10
2,2018-04-06,11,108,7,12,160,9
2,2018-04-06,1,13,3,3,127,7
2,2018-04-06,3,54,4,12,194,8
2,2018-04-06,16,76,5,17,232,8
2,2018-04-06,6,229,8,7,418,10
2,2018-04-06,4,115,7,6,242,10
2,2018-04-06,12,76,7,13,145,7
2,2018-04-06,9,1336,4,12,1995,6
2,2018-04-06,2,62,5,4,208,7
2,2018-04-06,6,52,5,7,95,6
2,2018-04-06,10,88,6,14,138,7
2,2018-04-06,5,10,3,2,5,2
2,2018-04-06,10,183,9,12,344,9
2,2018-04-06,6,86,6,6,113,6
2,2018-04-06,8,74,5,9,151,5
2,2018-04-06,3,121,6,33,1304,21
2,2018-04-06,5,116,6,5,186,7
2,2018-04-06,3,9,3,0,7,1
2,2018-04-06,10,372,11,16,524,12
2,2018-04-06,10,151,7,10,262,9
2,2018-04-06,11,846,16,21,2176,25
2,2018-04-06,9,249,8,10,481,14
2,2018-04-06,6,105,5,6,189,7
2,2018-04-06,10,40,4,13,158,8
2,2018-04-06,6,168,8,25,400,10
2,2018-04-06,11,43,5,5,140,8
2,2018-04-06,7,40,5,6,72,6
2,2018-04-06,1,33,4,10,226,8
2,2018-04-06,6,208,9,20,422,11
2,2018-04-06,4,238,9,10,214,7
2,2018-04-06,8,89,6,7,123,5
2,2018-04-06,21,254,9,28,635,13
2,2018-04-06,5,48,5,5,171,8
2,2018-04-06,16,177,7,11,161,7
2,2018-04-06,2,5,2,0,758,8
2,2018-04-06,12,71,6,25,278,9
2,2018-04-06,7,123,8,24,339,12
2,2018-04-06,7,87,7,10,152,8
2,2018-04-06,32,301,9,16,255,9
2,2017-12-05,14,183,8,10,307,11
2,2017-12-05,5,140,8,5,220,8
2,2017-12-05,7,111,6,5,158,8
2,2017-12-05,6,110,5,7,206,5
2,2017-12-05,5,153,7,9,147,7
2,2017-12-05,9,172,8,7,219,9
2,2017-12-05,4,38,4,8,1471,12
2,2017-12-05,12,162,6,23,444,12
2,2017-12-05,7,46,5,8,118,6
2,2017-12-05,6,67,6,8,142,8
2,2017-12-05,14,245,8,21,510,13
2,2017-12-05,12,144,6,11,412,10
2,2017-12-05,1,92,4,1,202,6
2,2017-12-05,4,146,8,3,172,7
2,2017-12-05,4,39,3,3,194,6
2,2017-12-05,5,39,4,3,143,6
2,2017-12-05,4,19,2,12,256,8
2,2017-12-05,2,98,5,10,465,12
2,2017-12-05,8,163,7,8,215,7
2,2017-12-05,6,62,4,8,231,8
2,2017-12-05,2,58,5,8,426,10
2,2017-12-05,6,24,3,8,142,6
2,2017-12-05,6,99,6,5,240,8
2,2017-12-05,5,74,6,4,142,7
2,2017-12-05,8,58,5,5,447,5
2,2017-12-05,5,86,4,9,165,5
2,2017-12-05,5,58,5,11,142,7
2,2017-12-05,10,154,7,9,327,9
2,2017-12-05,11,125,6,9,164,7
2,2017-12-05,7,153,8,8,127,7
2,2017-12-05,8,151,7,8,227,7
2,2017-12-05,7,125,7,7,138,5
2,2017-12-05,12,105,5,28,1354,13
2,2017-12-05,5,115,6,5,178,7
2,2017-12-05,8,107,6,11,215,7
2,2017-12-05,9,204,9,12,265,7
2,2017-12-05,5,179,7,5,317,11
2,2017-12-05,6,145,8,9,305,9
2,2017-12-05,8,52,5,8,148,7
2,2017-12-05,3,241,9,1,213,10
2,2017-12-05,5,49,5,7,149,7
2,2017-12-05,10,169,7,17,322,9
2,2017-12-05,10,82,6,9,160,8
2,2017-12-05,1,69,5,1,179,7
2,2017-12-05,10,127,8,15,410,11
2,2017-12-05,7,87,6,7,168,8
2,2017-12-05,4,68,5,6,201,7
2,2017-12-05,8,134,7,8,300,9
2,2017-12-05,2,92,6,3,197,8
2,2017-12-05,3,515,7,6,663,8
2,2017-12-05,3,34,4,5,110,6
2,2017-12-05,23,316,9,19,420,9
2,2017-12-05,4,208,8,8,521,12
2,2017-12-05,5,105,5,26,469,13
2,2017-12-05,4,122,6,5,134,7
2,2017-12-05,8,53,4,14,241,8
2,2017-12-05,2,49,5,4,229,7
2,2017-12-05,8,116,7,11,277,10
2,2017-12-05,10,88,5,9,131,6
2,2017-12-05,13,277,11,16,502,11
2,2017-12-05,15,35,3,10,155,6
2,2017-12-05,11,372,10,16,1330,17
2,2017-12-05,3,25,4,6,101,7
2,2017-12-05,7,27,4,6,148,8
2,2017-12-05,8,146,8,5,135,6
2,2017-12-05,3,53,5,3,132,7
2,2017-12-05,4,74,5,5,142,6
2,2017-12-05,7,21,4,20,129,6
2,2017-12-05,4,64,5,5,115,8
2,2017-12-05,10,212,8,8,734,13
2,2017-12-05,14,24,4,10,86,6
2,2017-12-05,6,132,8,10,388,12
2,2017-12-05,6,282,10,9,563,13
2,2017-12-05,7,131,7,4,245,8
2,2017-12-05,6,52,5,10,213,8
2,2017-12-05,8,104,7,10,346,11
2,2017-12-05,8,208,9,11,234,6
2,2017-12-05,8,95,6,7,291,11
2,2017-12-05,7,118,6,7,299,9
2,2017-12-05,6,72,4,11,177,6
2,2017-12-05,61,750,14,47,963,19
2,2017-12-05,7,89,5,8,128,6
2,2017-12-05,17,98,7,27,209,9
2,2017-12-05,6,34,3,5,128,7
2,2017-12-05,8,110,7,9,316,10
2,2017-12-05,6,69,5,8,139,7
2,2017-12-05,3,211,8,3,580,11
